{
  "dim": 512,
  "threshold": 0.22,
  "persons": {
    "Raj_basnet": {
      "embedding": [
        0.07679369300603867,
        -0.020838165655732155,
        -0.010220854543149471,
        -0.015751132741570473,
        -0.01981402561068535,
        0.06192062422633171,
        0.11426695436239243,
        0.05424081161618233,
        0.005008600652217865,
        0.036505747586488724,
        -0.0962059274315834,
        -0.026961330324411392,
        -0.031631629914045334,
        -0.011895885691046715,
        0.027631431818008423,
        -0.07361824810504913,
        0.02986384928226471,
        0.027596496045589447,
        -0.05941127985715866,
        -0.07363604754209518,
        0.0474870502948761,
        -0.02812539041042328,
        0.04639195278286934,
        -0.0033015627413988113,
        0.059157464653253555,
        0.10557662695646286,
        -0.001114366576075554,
        -0.03980766981840134,
        0.019127266481518745,
        0.08641211688518524,
        0.001632970874197781,
        -0.04031879082322121,
        0.015029523521661758,
        -0.041359905153512955,
        0.02291679196059704,
        0.0361960306763649,
        -0.007381904404610395,
        0.0855373963713646,
        -0.05458490550518036,
        -0.011832226067781448,
        0.012011920101940632,
        -0.0031788854394108057,
        0.02929781749844551,
        -0.06152251362800598,
        0.014256969094276428,
        0.0102736447006464,
        -0.07134043425321579,
        0.04858141019940376,
        -0.016293317079544067,
        0.009289112873375416,
        -0.06574775278568268,
        0.0152957858517766,
        0.09209160506725311,
        0.01791307143867016,
        0.03098982386291027,
        0.0508514903485775,
        0.0003765357250813395,
        0.022892102599143982,
        -0.03743547201156616,
        0.04178057610988617,
        0.04599025100469589,
        0.020207786932587624,
        -0.055998045951128006,
        0.09764017909765244,
        0.055371228605508804,
        0.000372471782611683,
        -0.0045378562062978745,
        0.020066719502210617,
        -0.023015446960926056,
        -0.0019970890134572983,
        0.01105183083564043,
        0.03021785244345665,
        -0.09161952137947083,
        -0.04873733967542648,
        -0.08807604759931564,
        0.019811438396573067,
        -0.013868187554180622,
        0.02594158612191677,
        0.033192478120326996,
        0.021296625956892967,
        -0.01175921130925417,
        0.029730722308158875,
        0.07420360296964645,
        0.004425711929798126,
        0.058184780180454254,
        0.0672849714756012,
        0.0006666905246675014,
        -0.0061408281326293945,
        -0.044796720147132874,
        0.007382017560303211,
        0.010312487371265888,
        0.038314301520586014,
        -0.030730903148651123,
        0.02251547761261463,
        -0.014887049794197083,
        -0.04086819291114807,
        0.010987593792378902,
        0.010626413859426975,
        0.0871145948767662,
        -0.037081941962242126,
        -0.03294363245368004,
        -0.048466961830854416,
        0.04311525076627731,
        0.04547726362943649,
        -0.02037496119737625,
        0.052821047604084015,
        0.031098511070013046,
        -0.07297755032777786,
        0.040796779096126556,
        0.01339940819889307,
        0.018032638356089592,
        0.012436130084097385,
        -0.020221000537276268,
        -0.018062319606542587,
        -0.005550318863242865,
        -0.02128010243177414,
        0.004154243040829897,
        -0.06109962612390518,
        -0.046753592789173126,
        -0.028425786644220352,
        -0.027227433398365974,
        0.043362800031900406,
        0.03108905255794525,
        0.04866773635149002,
        0.011430528946220875,
        0.009366759099066257,
        -0.04860769212245941,
        -0.03995425999164581,
        0.07592234015464783,
        0.03941773623228073,
        -0.033154238015413284,
        0.053970325738191605,
        -0.03673788160085678,
        0.0070344023406505585,
        0.004956047050654888,
        -0.029154233634471893,
        0.04273229464888573,
        -0.017096426337957382,
        -0.046671200543642044,
        -0.020369838923215866,
        -0.052840035408735275,
        -0.07362037152051926,
        -0.0197799913585186,
        -0.09787152707576752,
        0.044337980449199677,
        0.07657171785831451,
        0.05763920024037361,
        -0.022289030253887177,
        -0.005750629119575024,
        0.010006752796471119,
        0.0037638493813574314,
        0.06747344881296158,
        0.08891800791025162,
        -0.09167563915252686,
        0.0045014978386461735,
        0.014134912751615047,
        0.06823057681322098,
        -0.06963319331407547,
        -0.016360344365239143,
        0.030935488641262054,
        0.04186468571424484,
        0.03618856519460678,
        0.031774524599313736,
        0.029004909098148346,
        0.007085056509822607,
        0.06294276565313339,
        -0.03878013789653778,
        -0.014845156110823154,
        0.01815333031117916,
        0.05675927549600601,
        -0.010434272699058056,
        0.04199614375829697,
        0.04169710725545883,
        -0.030301153659820557,
        0.0006928932853043079,
        0.008623097091913223,
        0.043238796293735504,
        0.05277227237820625,
        0.05452966317534447,
        -0.0038717854768037796,
        0.029961474239826202,
        -0.009742481634020805,
        -0.028730254620313644,
        -0.04784029722213745,
        0.02292689122259617,
        0.04095358029007912,
        0.07170099020004272,
        -0.023452185094356537,
        0.0020468225702643394,
        -0.07577858120203018,
        -0.015897035598754883,
        0.05384824797511101,
        -0.0062010642141103745,
        0.031512875109910965,
        -0.015316702425479889,
        -0.05582667142152786,
        0.10213235765695572,
        -0.020212169736623764,
        -0.014506112784147263,
        -0.06148121878504753,
        -0.021751197054982185,
        -0.016448576003313065,
        -0.06286530941724777,
        -0.055678509175777435,
        0.04065767675638199,
        0.019585389643907547,
        -0.06293684989213943,
        0.0038323404733091593,
        -0.05501275509595871,
        0.02786332182586193,
        -0.014620623551309109,
        0.028052086010575294,
        -0.0035549509339034557,
        -0.0736018493771553,
        -0.041857894510030746,
        -0.017896004021167755,
        0.01410001888871193,
        0.008806384168565273,
        0.012132675386965275,
        -0.05567276105284691,
        0.03035171516239643,
        0.006673743948340416,
        -0.04023420810699463,
        0.0421518012881279,
        0.1280362904071808,
        0.06452228128910065,
        0.018326807767152786,
        0.04087802767753601,
        0.021626586094498634,
        0.00415038550272584,
        0.001433899044059217,
        -0.024328084662556648,
        0.02416822873055935,
        -0.016382405534386635,
        0.0034779415000230074,
        -0.016809582710266113,
        0.05041903629899025,
        0.010696671903133392,
        -0.06948191672563553,
        -0.03200237825512886,
        -0.05683114379644394,
        -0.07233811169862747,
        -0.006905828136950731,
        0.010239489376544952,
        0.122926726937294,
        0.05578242242336273,
        -0.02325991354882717,
        0.08217433094978333,
        0.0020592680666595697,
        -0.018194198608398438,
        0.014234011992812157,
        -0.011424656957387924,
        0.030765434727072716,
        -0.030659137293696404,
