{
  "detection_roi": {
    "CH_01": [
      [
        0.1425,
        0.3638392857142857
      ],
      [
        0.70625,
        0.26339285714285715
      ],
      [
        0.94875,
        0.9933035714285714
      ],
      [
        0.00125,
        0.9933035714285714
      ]
    ],
    "CH_02": [
      [
        0.2546875,
        0.18888888888888888
      ],
      [
        0.79375,
        0.16527777777777777
      ],
      [
        0.9609375,
        0.9972222222222222
      ],
      [
        0.00078125,
        0.9944444444444445
      ],
      [
        0.01171875,
        0.65
      ]
    ],
    "CH_03": [
      [
        0.2075,
        0.23214285714285715
      ],
      [
        0.70625,
        0.125
      ],
      [
        0.995,
        0.9933035714285714
      ],
      [
        0.00625,
        0.9888392857142857
      ]
    ],
    "CH_04": [
      [
        0.5390625,
        0.17731481481481481
      ],
      [
        0.9169270833333333,
        0.3013888888888889
      ],
      [
        0.8739583333333333,
        0.9986111111111111
      ],
      [
        0.13411458333333334,
        0.9944444444444445
      ],
      [
        0.15807291666666667,
        0.6171296296296296
      ]
    ],
    "CH_06": [
      [
        0.2675,
        0.13169642857142858
      ],
      [
        0.835,
        0.13616071428571427
      ],
      [
        0.995,
        0.9977678571428571
      ],
      [
        0.07,
        0.9977678571428571
      ],
      [
        0.00375,
        0.7165178571428571
      ]
    ]
  }
}