{
  "min": [
    5271.0,
    391.3381042480469,
    30.84967613220215,
    160.08924865722656,
    5571.5,
    6524.0,
    0.6015036702156067,
    0.3132255971431732,
    0.18555448949337006,
    1.0379539728164673,
    81.92219543457031
  ],
  "max": [
    1893877.5,
    5658.57568359375,
    1212.1256103515625,
    9180.208984375,
    1898547.0,
    1909930.0,
    0.9975404739379883,
    0.9915952682495117,
    0.8000673055648804,
    20.9990291595459,
    1552.8553466796875
  ],
  "feature_names": [
    "area",
    "perimeter",
    "rmin",
    "rmax",
    "convex_area",
    "rect_area",
    "solidity",
    "extent",
    "circularity",
    "aspect_ratio",
    "equiv_diameter"
  ]
}